{"rmse": 0.049035398452979044, "mean": 0.02468158947119565, "median": 0.017654841486438845, "std": 0.04237085605245406, "min": 0.002401381056853322, "max": 0.9148959715858764, "sse": 4.76085119685599}